Reading 1 X,Reading 1 Y,Slope (m),Intercept (c),Reading 2 X,Reading 2 Y,Slope (m),Intercept (c),Reading 3 X,Reading 3 Y,Slope (m),Intercept (c),Reading 4 X,Reading 4 Y,Slope (m),Intercept (c),Reading 5 X,Reading 5 Y,Slope (m),Intercept (c)
18657.0,0.0,0,0,20601.0,0.0,0,0,17302.0,0.0,0,0,15829.5,0.0,0,0,28458.5,0.0,0,0
18595.0,0.0,0.0,0.0,20558.0,0.0,0.0,0.0,17273.5,0.0,0.0,0.0,15704.0,0.0,0.0,0.0,28113.5,0.0,0.0,0.0
18540.5,0.0,0.0,0.0,20498.5,0.0,0.0,0.0,17237.5,0.0,0.0,0.0,15763.0,0.0,0.0,0.0,28173.0,0.0,0.0,0.0
39042.0,110.0,0.005380303530916817,-100.05959880068266,44171.0,110.0,0.004657307065471676,-95.71895519456733,38749.5,110.0,0.005121369541704039,-88.45100728014299,38020.5,110.0,0.004942604594284746,-77.92204904264793,54323.5,110.0,0.0042180105469498816,-119.14809993712488
65807.0,250.0,0.005302452959194776,-98.35879940889751,75290.5,250.0,0.004574475464199338,-93.70488432006397,66845.5,250.0,0.005049326769275226,-86.96088561961497,66907.0,250.0,0.004892882252287012,-76.96282159442752,89213.0,250.0,0.0041098812661783685,-115.64197205301934
96455.5,395.0,0.005115212417257395,-93.35096113993734,111516.0,395.0,0.004383827726585544,-87.97690446156021,99220.0,395.0,0.0048619194537314675,-82.11744426203309,100652.0,395.0,0.004697424322738043,-72.14431217278434,130430.0,395.0,0.003907512547831124,-107.77828121688732
101975.5,400.0,0.004939947989828287,-88.39992493965974,117817.5,400.0,0.0042322940900711824,-83.16509857213435,104953.0,400.0,0.0046960499764762825,-77.57177807775311,106696.0,400.0,0.004531922499472863,-67.79320528292222,137158.0,400.0,0.003774091664752238,-102.35099239355138
