Reading 1 X,Reading 1 Y,Slope (m),Intercept (c),Reading 2 X,Reading 2 Y,Slope (m),Intercept (c),Reading 3 X,Reading 3 Y,Slope (m),Intercept (c),Reading 4 X,Reading 4 Y,Slope (m),Intercept (c),Reading 5 X,Reading 5 Y,Slope (m),Intercept (c)
18452.5,0.0,0,0,20525.5,0.0,0,0,17050.0,0.0,0,0,15595.0,0.0,0,0,27612.5,0.0,0,0
18443.0,0.0,0.0,0.0,20502.0,0.0,0.0,0.0,17092.5,0.0,0.0,0.0,15698.0,0.0,0.0,0.0,28026.0,0.0,0.0,0.0
18499.0,0.0,0.0,0.0,20623.0,0.0,0.0,0.0,17148.5,0.0,0.0,0.0,15537.0,0.0,0.0,0.0,28010.0,0.0,0.0,0.0
44798.0,141.0,0.005354445776342487,-98.86882711154861,51152.0,141.0,0.004607513074368773,-94.68474839287089,44651.5,141.0,0.005117087636841362,-87.48654514941309,43963.5,141.0,0.004972821354693027,-77.62496391683037,62066.0,141.0,0.004124320781393912,-114.99333512510574
57650.0,205.0,0.005262806018809837,-96.93889180479829,65873.0,205.0,0.004544769094078407,-93.20777805380119,57620.0,205.0,0.005074019048480871,-86.63581002646872,57328.5,205.0,0.0049292100390225515,-76.82488988001965,78484.5,205.0,0.004069966181530491,-113.29646958659082
64506.5,235.0,0.005171737419258887,-94.8217739057989,74011.0,235.0,0.0044597233943915035,-90.98531591615128,64994.5,235.0,0.004979163163676734,-84.53849392728264,64983.5,235.0,0.004833121593176423,-74.827465612443,87795.0,235.0,0.003985584525145541,-110.41307638970959
78515.5,300.0,0.005065163175384636,-91.8468265972158,90275.5,300.0,0.0043646876357004965,-87.98885727358764,79778.5,300.0,0.00486313908694569,-81.40671872478366,80356.0,300.0,0.00471284654912763,-71.71985965383114,105505.5,300.0,0.003911947287777975,-107.46229095337999
