Reading 1 X,Reading 1 Y,Slope (m),Intercept (c),Reading 2 X,Reading 2 Y,Slope (m),Intercept (c),Reading 3 X,Reading 3 Y,Slope (m),Intercept (c),Reading 4 X,Reading 4 Y,Slope (m),Intercept (c),Reading 5 X,Reading 5 Y,Slope (m),Intercept (c)
18669.0,0.0,0,0,21380.0,0.0,0,0,17333.0,0.0,0,0,15909.5,0.0,0,0,28713.5,0.0,0,0
18723.0,0.0,0.0,0.0,21483.5,0.0,0.0,0.0,17428.5,0.0,0.0,0.0,15986.0,0.0,0.0,0.0,28442.5,0.0,0.0,0.0
33686.0,75.0,0.0050032868601822475,-93.54120781601127,38749.0,75.0,0.004330825665224278,-92.8165032010388,33096.5,75.0,0.004772150419144811,-82.9428610474428,32000.5,75.0,0.0046720171038672174,-74.50773495623321,47597.0,75.0,0.003942824608134925,-112.67423539198599
38260.0,100.0,0.005078094624355805,-95.05717750945377,43975.0,100.0,0.004403330774679202,-94.50082591625595,37768.5,100.0,0.004863437628227518,-84.67697365949343,36978.5,100.0,0.004729581760974258,-75.52354883684939,53764.5,100.0,0.003962046234184424,-113.2634159818323
43902.0,120.0,0.004880458351727467,-90.57628756374336,50076.0,120.0,0.004273381774440254,-91.13543986687706,43477.0,120.0,0.004701194408793643,-81.19290810631246,42600.0,120.0,0.004591046144335191,-72.73961000708384,60546.0,120.0,0.003832825564774597,-108.92643662179995
45960.5,140.0,0.004990940501697655,-93.19964056807073,52381.0,140.0,0.004385122204180875,-94.16716674855421,45574.0,140.0,0.004818504239996058,-83.84239319697217,44944.5,140.0,0.004696959187349778,-74.99939218687625,63089.5,140.0,0.003930749064717798,-112.34544014288674
