Reading 1 X,Reading 1 Y,Slope (m),Intercept (c),Reading 2 X,Reading 2 Y,Slope (m),Intercept (c),Reading 3 X,Reading 3 Y,Slope (m),Intercept (c),Reading 4 X,Reading 4 Y,Slope (m),Intercept (c),Reading 5 X,Reading 5 Y,Slope (m),Intercept (c)
344922.5,0,0,0,3594,0,0,0,3620.5,0,0,0,4272,0,0,0,3790,0,0,0
346050,0,0,0,3517,0,0,0,3591.5,0,0,0,4271,0,0,0,3756.5,0,0,0
348607,0,0,0,3540,0,0,0,3601.5,0,0,0,4252,0,0,0,3803.5,0,0,0
7611491,140,1.93E-05,-6.677755339,7701.5,140,0.033717307,-119.6992186,6593.5,140,0.046835374,-168.8158386,6907,140,0.052987588,-225.9903652,7754.5,140,0.035250633,-133.3614294
8388607,270,2.74E-05,-11.32978836,11828,270,0.032755604,-115.716101,9498.5,270,0.045942291,-165.2200596,9391,270,0.052715109,-224.728134,11688.5,270,0.034293261,-129.1984753
8388607,370,3.43E-05,-15.28184848,15382,370,0.031649394,-110.3375834,11935,370,0.044818776,-160.1306125,11442,370,0.051883337,-220.5151766,14981,370,0.033362464,-124.5222395
8388607,460,4.06E-05,-18.89225143,18802,460,0.030639629,-104.586347,14340,460,0.043515003,-153.4499427,13487,460,0.050598491,-213.3473819,18294.5,460,0.032250931,-118.0383936
8388607,520,4.59E-05,-21.91680555,21204.5,520,0.029909719,-99.91809005,15953,520,0.042662055,-148.6721432,14808.5,520,0.049839865,-208.8128557,20482,520,0.031563291,-113.5865005
8388607,660,5.24E-05,-25.66715092,26980.5,660,0.028769131,-90.88348009,19830,660,0.041378314,-140.1288499,18048,660,0.048610728,-200.3585672,25919.5,660,0.03042614,-104.5750823
