Reading 1 X,Reading 1 Y,Slope (m),Intercept (c),Reading 2 X,Reading 2 Y,Slope (m),Intercept (c),Reading 3 X,Reading 3 Y,Slope (m),Intercept (c),Reading 4 X,Reading 4 Y,Slope (m),Intercept (c),Reading 5 X,Reading 5 Y,Slope (m),Intercept (c)
30079.5,0.0,0,0,37362.5,0.0,0,0,29062.5,0.0,0,0,27669.0,0.0,0,0,41719.5,0.0,0,0
30018.5,0.0,0.0,0.0,37316.5,0.0,0.0,0.0,28979.0,0.0,0.0,0.0,27624.0,0.0,0.0,0.0,41538.5,0.0,0.0,0.0
72693.5,200.0,0.004689929371447498,-140.92758537619008,85677.0,200.0,0.004137571536730062,-154.49480711462843,72911.5,200.0,0.004556756425978559,-132.24030808372345,72370.0,200.0,0.004471918524705187,-123.632844873146,94477.5,200.0,0.0037843692922328565,-157.53892277988422
128404.5,400.0,0.004097002588543276,-117.53017202928729,149475.0,400.0,0.0035938614567194464,-128.37242224921079,130204.0,400.0,0.00398247234206461,-110.01263235914192,131169.5,400.0,0.0038927216098103247,-101.8907165178077,165124.0,400.0,0.003263586223711057,-129.73788521711518
160300.0,495.0,0.003852450015652197,-105.75845435946754,186581.5,495.0,0.003365054392952664,-115.09101276832286,163597.5,495.0,0.0037325247347416318,-98.08133548856279,165383.5,495.0,0.0036463354954338447,-90.36677170619278,206604.5,495.0,0.0030454517711611187,-115.67322239785469
181835.0,560.0,0.0037221027205680637,-98.44332608384168,212411.0,560.0,0.003234540113672559,-106.28634071063006,186452.5,560.0,0.0035946198287551416,-90.3428002789908,188815.0,560.0,0.003510652621176692,-82.85648116876152,236004.0,560.0,0.002916928831419756,-106.02570922626884
100565.0,305.0,0.0037221140507641267,-94.28302741095202,118409.5,305.0,0.0032347703900074123,-102.27268771957162,102149.5,305.0,0.0035949125602957994,-86.35060597409287,101816.0,305.0,0.003510271484394823,-78.47243425788349,130129.5,305.0,0.0029163303906971586,-101.45497355662032
24342.0,0.0,0.003712942356760075,-92.98821450028046,32247.5,0.0,0.0032391383438834616,-102.99703042126609,23621.0,0.0,0.003591473028065241,-85.85435169261883,21879.5,0.0,0.0035063609267260696,-77.90362666045664,34883.5,0.0,0.0029168674080701385,-101.5533813612392
