Reading 1 X,Reading 1 Y,Slope (m),Intercept (c),Reading 2 X,Reading 2 Y,Slope (m),Intercept (c),Reading 3 X,Reading 3 Y,Slope (m),Intercept (c),Reading 4 X,Reading 4 Y,Slope (m),Intercept (c),Reading 5 X,Reading 5 Y,Slope (m),Intercept (c)
5914.5,0.0,0,0,3.5,0.0,0,0,3003.5,0.0,0,0,6364.5,0.0,0,0,5056.0,0.0,0,0
5957.0,0.0,0.0,0.0,-11.5,0.0,0.0,0.0,3007.5,0.0,0.0,0.0,6350.0,0.0,0.0,0.0,5058.5,0.0,0.0,0.0
5997.5,0.0,0.0,0.0,0.0,0.0,0.0,0.0,3042.0,0.0,0.0,0.0,6346.5,0.0,0.0,0.0,5055.0,0.0,0.0,0.0
17963.5,202.0,0.01682275009290556,-100.20029817600957,10.0,202.0,7.880903490759751,46.55954825462013,8099.5,202.0,0.03974759519231451,-119.94265663404369,16665.5,202.0,0.019589100411255087,-124.46249896067614,10125.0,202.0,0.03985398675216836,-201.5216669756806
18034.5,202.0,0.016773118562726914,-99.90351552368216,-8.5,202.0,2.6863444696723966,84.29224781057408,8096.0,202.0,0.0397619687563077,-119.98601362872704,16697.0,202.0,0.019559167230100784,-124.2720006574377,10145.0,202.0,0.03977525888120329,-201.1230574240808
