Reading 1 X,Reading 1 Y,Slope (m),Intercept (c),Reading 2 X,Reading 2 Y,Slope (m),Intercept (c),Reading 3 X,Reading 3 Y,Slope (m),Intercept (c)
343.5,0.0,0,0,58956.5,0.0,0,0,66877.5,0.0,0,0
96.5,0.0,0.0,0.0,58914.5,0.0,0.0,0.0,66675.5,0.0,0.0,0.0
242.0,0.0,0.0,0.0,58717.5,0.0,0.0,0.0,66362.0,0.0,0.0,0.0
125.5,0.0,0.0,0.0,58852.5,0.0,0.0,0.0,66529.5,0.0,0.0,0.0
271.0,0.0,0.0,0.0,58809.5,0.0,0.0,0.0,66300.0,0.0,0.0,0.0
439.0,0.0,0.0,0.0,58965.0,0.0,0.0,0.0,66447.5,0.0,0.0,0.0
218.0,602.0,-0.21190309372232916,138.53683130787172,59300.5,602.0,1.0848773251289061,-63846.75066469654,67167.5,602.0,0.5693031423049438,-37842.56125625178
147.0,574.0,-0.6505729345994617,300.08794367293586,59283.5,574.0,1.1885012941374598,-69944.7895404258,67119.5,574.0,0.6819375390978752,-45327.919552549414
125.0,618.0,-1.0242752249301932,427.8036126719292,59346.0,618.0,1.2111735403084576,-71279.48618376731,67108.5,618.0,0.7540165735574633,-50117.65876349365
