Reading 1 X,Reading 1 Y,Slope (m),Intercept (c),Reading 2 X,Reading 2 Y,Slope (m),Intercept (c),Reading 3 X,Reading 3 Y,Slope (m),Intercept (c),Reading 4 X,Reading 4 Y,Slope (m),Intercept (c),Reading 5 X,Reading 5 Y,Slope (m),Intercept (c)
18024.5,202.0,0,0,0.0,202.0,0,0,8102.0,202.0,0,0,16705.5,202.0,0,0,10134.5,202.0,0,0
24240.5,300.0,0.015765765765765747,-82.17004504504457,1.5,300.0,65.3333333333333,201.99999999999994,10531.0,300.0,0.0403458213256484,-124.88184438040331,21949.5,300.0,0.018688024408848206,-110.19279176201383,12629.0,300.0,0.03928643014632194,-196.14832631789986
