Reading 1 X,Reading 1 Y,Slope (m),Intercept (c),Reading 2 X,Reading 2 Y,Slope (m),Intercept (c),Reading 3 X,Reading 3 Y,Slope (m),Intercept (c),Reading 4 X,Reading 4 Y,Slope (m),Intercept (c),Reading 5 X,Reading 5 Y,Slope (m),Intercept (c)
24165.5,0.0,0,0,20107.5,0.0,0,0,20921.5,0.0,0,0,135170.0,0.0,0,0,99703.5,0.0,0,0
24432.0,0.0,0.0,0.0,20396.5,0.0,0.0,0.0,21150.5,0.0,0.0,0.0,135153.5,0.0,0.0,0.0,99641.5,0.0,0.0,0.0
24647.0,0.0,0.0,0.0,20621.0,0.0,0.0,0.0,21374.5,0.0,0.0,0.0,135045.0,0.0,0.0,0.0,99520.0,0.0,0.0,0.0
24769.5,0.0,0.0,0.0,20659.5,0.0,0.0,0.0,21508.5,0.0,0.0,0.0,134928.5,0.0,0.0,0.0,99503.0,0.0,0.0,0.0
24855.5,0.0,0.0,0.0,20694.0,0.0,0.0,0.0,21598.5,0.0,0.0,0.0,134883.0,0.0,0.0,0.0,99401.0,0.0,0.0,0.0
126301.0,400.0,0.003931947627306884,-96.62089271164498,112972.5,400.0,0.0043252620715062765,-88.64700642801648,117215.5,400.0,0.0041706377514917885,-88.87657316892769,134799.0,400.0,-0.6953246021688776,93933.05432335749,99381.0,400.0,-0.7019639146675983,69929.62527395938
