Reading 1 X,Reading 1 Y,Slope (m),Intercept (c),Reading 2 X,Reading 2 Y,Slope (m),Intercept (c),Reading 3 X,Reading 3 Y,Slope (m),Intercept (c),Reading 4 X,Reading 4 Y,Slope (m),Intercept (c),Reading 5 X,Reading 5 Y,Slope (m),Intercept (c)
5791.5,0.0,0,0,29525.5,0.0,0,0,2578.5,0.0,0,0,6341.0,0.0,0,0,5133.5,0.0,0,0
11073.5,100.0,0.018932222642938284,-109.64596743657712,29619.0,100.0,1.0695187165776088,-31578.07486631221,4493.0,100.0,0.05223295899712719,-134.68268477409237,11171.0,100.0,0.020703933747412008,-131.2836438923395,7668.0,100.0,0.039455513908068694,-202.5448806470707
