Reading 1 X,Reading 1 Y,Slope (m),Intercept (c),Reading 2 X,Reading 2 Y,Slope (m),Intercept (c),Reading 3 X,Reading 3 Y,Slope (m),Intercept (c),Reading 4 X,Reading 4 Y,Slope (m),Intercept (c),Reading 5 X,Reading 5 Y,Slope (m),Intercept (c)
23716.0,0.0,0,0,20129.0,0.0,0,0,20750.5,0.0,0,0,135308.5,0.0,0,0,99455.0,0.0,0,0
23760.0,0.0,0.0,0.0,20199.5,0.0,0.0,0.0,20763.0,0.0,0.0,0.0,135433.0,0.0,0.0,0.0,99528.0,0.0,0.0,0.0
23926.0,0.0,0.0,0.0,20225.5,0.0,0.0,0.0,20891.5,0.0,0.0,0.0,135393.0,0.0,0.0,0.0,99490.0,0.0,0.0,0.0
23955.0,0.0,0.0,0.0,20346.5,0.0,0.0,0.0,20827.5,0.0,0.0,0.0,135312.5,0.0,0.0,0.0,99405.0,0.0,0.0,0.0
23939.0,0.0,0.0,0.0,20292.5,0.0,0.0,0.0,20936.5,0.0,0.0,0.0,135336.0,0.0,0.0,0.0,99457.0,0.0,0.0,0.0
72583.0,200.0,0.004104665677137653,-97.93319091058265,64804.0,200.0,0.004487709861398189,-90.82439564375252,66850.0,200.0,0.00434623172149042,-90.54803379626168,135032.0,200.0,-0.5429055986512545,73489.81809484471,99561.5,200.0,0.9981067657379108,-99261.07251587977
72207.0,200.0,0.004120521485574825,-98.31029100564477,64432.5,200.0,0.004506414231381312,-91.20153973286861,66477.5,200.0,0.004363819983111935,-90.9131389455919,135129.5,200.0,-0.6289924833288993,85145.8532328061,99639.0,200.0,1.0371930015743103,-103148.8208497233
129035.5,405.0,0.003907804550723445,-91.4052483359033,115739.5,405.0,0.0042978736372135135,-85.34882739007053,119864.0,405.0,0.004148057963722094,-84.66900849308865,135072.0,405.0,-0.8712316532943005,117936.50302333901,99740.0,405.0,1.2891701676386604,-128216.20247769481
