Reading 1 X,Reading 1 Y,Slope (m),Intercept (c),Reading 2 X,Reading 2 Y,Slope (m),Intercept (c),Reading 3 X,Reading 3 Y,Slope (m),Intercept (c),Reading 4 X,Reading 4 Y,Slope (m),Intercept (c),Reading 5 X,Reading 5 Y,Slope (m),Intercept (c),Reading 6 X,Reading 6 Y,Slope (m),Intercept (c)
6751.5,0.0,0,0,29406.5,0.0,0,0,3987.5,0.0,0,0,6604.0,0.0,0,0,5176.5,0.0,0,0,-21.5,0.0,0,0
18438.0,200.0,0.0171137637444915,-115.54357592093432,29403.5,200.0,-66.66666666642614,1960433.3333262615,8948.0,200.0,0.04031851627860095,-160.7700836609212,16601.0,200.0,0.020006001800540157,-132.11963589076723,10116.0,200.0,0.04048992813037758,-209.59611296689965,-2.5,200.0,10.526315789473694,226.31578947368422
24685.0,300.0,0.01677772934337494,-112.26028737871792,29401.0,300.0,-54.94505494506595,1615752.7472530708,11454.5,300.0,0.04019669112278436,-160.13243216157022,21899.0,300.0,0.01966509696403802,-128.99151115532354,12635.0,300.0,0.040259574135362894,-208.11641888844918,2.0,300.0,12.10498125334761,255.43652919121567
32578.0,400.0,0.015626094662109895,-97.102642531904,29378.5,400.0,-10.684686982021942,314326.7499681172,14527.5,400.0,0.03827793206342751,-147.42035526961013,28472.5,400.0,0.018448082582012467,-114.33633702385993,15693.0,400.0,0.038349695732240376,-193.20822567204777,-8.5,400.0,11.411411411411411,312.0120120120119
