Reading 1 X,Reading 1 Y,Slope (m),Intercept (c),Reading 2 X,Reading 2 Y,Slope (m),Intercept (c),Reading 3 X,Reading 3 Y,Slope (m),Intercept (c),Reading 4 X,Reading 4 Y,Slope (m),Intercept (c),Reading 5 X,Reading 5 Y,Slope (m),Intercept (c)
18774,0,0,0,24241,0,0,0,17317,0,0,0,18063.5,0,0,0,29940.5,0,0,0
18819.5,0,0,0,24271,0,0,0,17375.5,0,0,0,18118.5,0,0,0,29886,0,0,0
18874,0,0,0,24225.5,0,0,0,17354,0,0,0,18153.5,0,0,0,29895.5,0,0,0
33701.5,80,0.005376543,-101.1993782,41439.5,80,0.004652854,-112.8122164,32869,80,0.005154534,-89.42495492,34048.5,80,0.005019762,-90.91665749,49355,80,0.004113579,-123.0260722
37863.5,100,0.00529426,-99.56746325,46379.5,100,0.00456342,-110.5373468,37192.5,100,0.005078643,-88.02859381,38432.5,100,0.004954889,-89.67233204,54910.5,100,0.004038004,-120.6644768
42319.5,120,0.005187823,-97.29267149,51469.5,120,0.004474634,-108.1231298,41644,120,0.004999888,-86.45693804,43168.5,120,0.004861117,-87.71950144,60770.5,120,0.003952351,-117.8154906
46093,140,0.005155362,-96.55032088,55975.5,140,0.004438647,-107.0805786,45633.5,140,0.004970746,-85.82888818,47254.5,140,0.004828013,-86.97644133,65873,140,0.003917949,-116.6022891
50781,160,0.005079438,-94.66974737,61380,160,0.004371753,-104.9968116,50418.5,160,0.004904036,-84.26101021,52217,160,0.004758522,-85.2768499,72119,160,0.003852214,-114.1196115
