Reading 1 X,Reading 1 Y,Slope (m),Intercept (c),Reading 2 X,Reading 2 Y,Slope (m),Intercept (c),Reading 3 X,Reading 3 Y,Slope (m),Intercept (c),Reading 4 X,Reading 4 Y,Slope (m),Intercept (c),Reading 5 X,Reading 5 Y,Slope (m),Intercept (c)
344922.5,0.0,0,0,3594.0,0.0,0,0,3620.5,0.0,0,0,4272.0,0.0,0,0,3790.0,0.0,0,0
346050.0,0.0,0.0,0.0,3517.0,0.0,0.0,0.0,3591.5,0.0,0.0,0.0,4271.0,0.0,0.0,0.0,3756.5,0.0,0.0,0.0
348607.0,0.0,0.0,0.0,3540.0,0.0,0.0,0.0,3601.5,0.0,0.0,0.0,4252.0,0.0,0.0,0.0,3803.5,0.0,0.0,0.0
7611491.0,140.0,1.927056557386949e-05,-6.677755338604514,7701.5,140.0,0.033717306879113146,-119.69921862473095,6593.5,140.0,0.046835373947842825,-168.81583857752514,6907.0,140.0,0.05298758809537498,-225.99036516376952,7754.5,140.0,0.0352506329694464,-133.36142939119713
8388607.0,270.0,2.7386019587646424e-05,-11.329788356435706,11828.0,270.0,0.0327556039516459,-115.71610101252978,9498.5,270.0,0.045942290528181495,-165.22005956119747,9391.0,270.0,0.05271510912921117,-224.72813397922803,11688.5,270.0,0.0342932606968684,-129.1984753277336
8388607.0,370.0,3.428037352913789e-05,-15.281848477531106,15382.0,370.0,0.031649393702740426,-110.33758343018523,11935.0,370.0,0.04481877615352807,-160.13061253185117,11442.0,370.0,0.05188333686432764,-220.51517663258676,14981.0,370.0,0.0333624642218545,-124.52223954852796
8388607.0,460.0,4.057870783357794e-05,-18.892251431186587,18802.0,460.0,0.03063962943877888,-104.58634700175469,14340.0,460.0,0.04351500265290442,-153.44994265468335,13487.0,460.0,0.050598490858396857,-213.3473818789021,18294.5,460.0,0.032250930724309526,-118.03839358720371
8388607.0,520.0,4.585503105410919e-05,-21.91680554645736,21204.5,520.0,0.0299097187111159,-99.91809004893446,15953.0,520.0,0.04266205451010843,-148.67214318432266,14808.5,520.0,0.049839865258644284,-208.8128557106393,20482.0,520.0,0.03156329062447417,-113.58650049307552
8388607.0,660.0,5.2397494372898196e-05,-25.6671509153409,26980.5,660.0,0.0287691311005163,-90.88348008861762,19830.0,660.0,0.0413783141266881,-140.1288498677354,18048.0,660.0,0.048610727679379524,-200.35856718810786,25919.5,660.0,0.030426140494095692,-104.5750822647504
